{"0.01": [0.8729865519419959, 0.8904206841896711, 0.8246409574468085, 0.8659295727636849, 0.9322338527817979, 0.9279810480375452, 0.8961640890824074, 0.9989754098360656, 0.7346491228070176, 0.8499335732435604, 0.8366978193146417, 0.8506889935461364, 0.8627531472359058, 0.8854140395124002, 0.7508632383771119, 0.8644396551724138, 0.8810463041232273, 0.8504432624113476, 0.9145218896130196, 0.9249719460319945, 0.729632126348228, 0.904488022202746, 0.876225275260645, 0.79489898989899, 0.9311044558889388, 0.9120922688772752, 0.8983552631578947, 0.9167697594501718, 0.8467181584128427, 0.9034965925000289, 0.8737093551519752, 0.5587044534412956, 0.9036054364103868, 0.8584873774150417, 0.24239350912778904, 0.9099099099099099, 0.9262895242770074, 0.7596348884381339, 0.9439609768745847, 0.9528631043895704, 0.8912257994930701, 0.8342153284671533, 0.9534739329848385, 0.9017033019316776, 0.9134814981420827, 0.7534277134277134, 0.9260745698329076, 0.8469399716981922, 0.9018759018759019, 0.9198973320340613], "0.03162277660168379": [0.8851902173913043, 0.7689473684210526, 0.8975297852249211, 0.6424335378323108, 0.8223350253807107, 0.9355806220251679, 0.8957929600789261, 0.9661178659853968, 0.8362151224006318, 0.8972908031477143, 0.9049947830769749, 0.8969148936170213, 0.8741126409563055, 0.8673750811161584, 0.9204545454545454, 0.9170948106881255, 0.8956962116942677, 0.8546266757098478, 0.8852011494252874, 0.6052147239263803, 0.8875241322837658, 0.968482905982906, 0.794628236703721, 0.8831453024703365, 0.8713325867861142, 0.8940025689161151, 0.863761801016703, 0.877043720714092, 0.8734795548654244, 0.9226973684210527, 0.811870858592979, 0.878393665158371, 0.8265089107844721, 0.9116880128844236, 0.8321799307958477, 0.9362980769230769, 0.9409732410491856, 0.9557672946929383, 0.8312862950058072, 0.9216047709406343, 0.8375851485889663, 0.8978623754053081, 0.8787726358148893, 0.9215272034684109, 0.9148732362051164, 0.8552036199095022, 0.8898210884134108, 0.8657179581344105, 0.9267309996700377, 0.9005589138361159], "0.1": [0.783756345177665, 0.8979113969791139, 0.9121789358756183, 0.9495749782040104, 0.957009111688637, 0.9167757936507936, 0.837573385518591, 0.7531996988518728, 0.9288461538461539, 0.9454477160174171, 0.9418429876286276, 0.8753320126201483, 0.809016434892541, 0.727902719665272, 0.865330350560541, 0.8919220945083014, 0.932020202020202, 0.9500567492466048, 0.9660692562941451, 0.8604220932986029, 0.8888349907025628, 0.7440658220474734, 0.8634012561457356, 0.8504494647820687, 0.8566978193146417, 0.9225110011001101, 0.8797705021581219, 0.9484177215189873, 0.8737398195025314, 0.8933930571108623, 0.8806672643442623, 0.8370434584884745, 0.9317352397140428, 0.8336994935060417, 0.8050176517878989, 0.9744839125421123, 0.9417582417582417, 0.8492324561403508, 0.8715887758126668, 0.9396929824561404, 0.8887372634643377, 0.6604272634791455, 0.927197796508377, 0.9078261464048266, 0.8940334128878282, 0.8467186095295176, 0.9550253328620243, 0.9123355029417617, 0.8964704166464097, 0.8857684576674698], "0.31622776601683794": [0.9539867218826004, 0.7839632277834525, 0.9263999672761485, 0.8907429779522802, 0.8796449704142012, 0.909089296798794, 0.9126235399820306, 0.9307576716229042, 0.7687038988408852, 0.8773024361259656, 0.8466880341880342, 0.7960750681061447, 0.9500911699246507, 0.8986624478642313, 0.936968085106383, 0.8953402366863905, 0.8411873101250062, 0.9217672413793103, 0.9213915814632851, 0.8361930818839164, 0.9036402569593147, 0.84515432313802, 0.9203595796603417, 0.8619520264681555, 0.950228832951945, 0.7118859401468097, 0.8612062637631515, 0.87109375, 0.9483678955453149, 0.8029575504523312, 0.5690425234949288, 0.7123423674493138, 0.9218118789318491, 0.8883244680851063, 0.9522754546293732, 0.9189984169768537, 0.555668016194332, 0.8636967808930426, 0.9269794506761331, 0.8958669740962996, 0.9001918844178566, 0.8280103840777475, 0.8807158648278766, 0.9026466710346446, 0.8729203177276555, 0.874481658692185, 0.9577682607661194, 0.9211453744493392, 0.9480844969566774, 0.8535712630359211], "1.0": [0.915863860014554, 0.9211956521739131, 0.7787566070979108, 0.9302358546645084, 0.9059411747456085, 0.8753357786656122, 0.8939172557227291, 0.8616887006374876, 0.9816987588904134, 0.9322843822843823, 0.9130132219902575, 0.5384615384615384, 0.8962274214194282, 0.8614466928420417, 0.8633359815109056, 0.7451530612244899, 0.8951690821256039, 0.8389938686253584, 0.9321286808824887, 0.8530767403183654, 0.8214285714285714, 0.9205366357069142, 0.8301097535721682, 0.8653987279843445, 0.9418242491657397, 0.900361432506887, 0.9534346647814305, 0.7841201540857307, 0.7237445562107372, 0.9234269910929912, 0.9277624862869267, 0.9104225784185904, 0.8324594639417251, 0.8616757440186734, 0.807285873192436, 0.8948167063618729, 0.912653838501549, 0.8781319290465632, 0.92930788884618, 0.5020242914979757, 0.6094841180446047, 0.8442409494535519, 0.895484836121311, 0.930333138515488, 0.81993006993007, 0.8950186799501868, 0.8881756756756757, 0.8924501424501425, 0.9780813283779966, 0.9019277108433734], "3.1622776601683795": [0.9425140229972405, 0.94, 0.8584388185654008, 0.814470145239376, 0.8518220139699351, 0.7718846549948506, 0.914308768154922, 0.9081217884807118, 0.9537573168802405, 0.8890831390831391, 0.773538961038961, 0.9769950306927799, 0.8689320388349515, 0.9336560343079454, 0.7967914438502675, 0.941208408075926, 0.8531145717463848, 0.881877990430622, 0.9275572168936173, 0.9095238095238096, 0.9137969630265269, 0.9353047559262249, 0.8895455238676224, 0.89493206022769, 0.8468831404858544, 0.8298163345056663, 0.8526184058529072, 0.8076912722769611, 0.9585040983606558, 0.5301339285714286, 0.8206878915739675, 0.9176459293394776, 0.9304924242424242, 0.9309844160909, 0.2603092783505155, 0.905376552795031, 0.8140960163432074, 0.905451518934665, 0.9392764857881137, 0.9453441295546559, 0.935163996948894, 0.9623676489348132, 0.882904936760506, 0.9384314853862166, 0.8756629404484385, 0.943330858698342, 0.8899342891278375, 0.9249174008810572, 0.9024540976265114, 0.8818967725830503], "10.0": [0.9193548387096775, 0.8030747782984162, 0.9864864864864865, 0.958129639688575, 0.9575597431308559, 0.7874956094134176, 0.9575234073684278, 0.8627826914464845, 0.8389473684210527, 0.9198756251936441, 0.9345238095238095, 0.915618838992333, 0.9193956591763173, 0.9726695790137141, 0.9771108531266669, 0.9357020119630234, 0.8500393695866818, 0.9667400881057269, 0.8892642918349859, 0.9403580562659846, 0.9244452855182854, 0.9613639003988692, 0.8713311121688085, 0.862773890099805, 0.9040761586491953, 0.9756637168141593, 0.9037132639617111, 0.9680485239807273, 0.9737849215461156, 0.878772710418984, 0.9972885032537961, 0.7965686274509804, 0.9219162995594714, 0.9613462299090287, 0.7809595948176453, 0.957236298022705, 0.838081772122069, 0.9265397536394178, 0.9713326071169208, 0.44666666666666666, 0.9249152195188566, 0.775, 0.9799901745899781, 0.9395203336809177, 0.8825363825363826, 0.9862686567164178, 0.8989763526409901, 0.9031007926196011, 0.968718187049086, 0.8035118049651622],